"table_name";"column_name"
collisions;county_location
collisions;weather_1
collisions;location_type
collisions;collision_severity
collisions;primary_collision_factor
collisions;pcf_violation_category
collisions;hit_and_run
collisions;type_of_collision
collisions;motor_vehicle_involved_with
collisions;pedestrian_action
collisions;road_surface
collisions;road_condition_1
collisions;lighting
collisions;control_device
collisions;statewide_vehicle_type_at_fault
parties;party_type
parties;party_sex
parties;party_sobriety
parties;party_drug_physical
parties;party_safety_equipment_1
parties;cellphone_use_type
parties;oaf_violation_category
parties;movement_preceding_collision
parties;vehicle_make
parties;statewide_vehicle_type
parties;chp_vehicle_type_towing
parties;party_race
victims;victim_role
victims;victim_sex
victims;victim_degree_of_injury
victims;victim_seating_position
victims;victim_safety_equipment_1
victims;victim_ejected
fatal
N
other injury
pain
property damage only
severe injury
"0"
E
functioning
G
H
none
not functioning
obscured
Q

alameda
alpine
amador
butte
calaveras
colusa
contra costa
del norte
el dorado
fresno
glenn
humboldt
imperial
inyo
kern
kings
lake
lassen
los angeles
madera
marin
mariposa
mendocino
merced
modoc
mono
monterey
napa
nevada
orange
placer
plumas
riverside
sacramento
san benito
san bernardino
san diego
san francisco
san joaquin
san luis obispo
san mateo
santa barbara
santa clara
santa cruz
shasta
sierra
siskiyou
solano
sonoma
stanislaus
sutter
tehama
trinity
tulare
tuolumne
ventura
yolo
yuba
C
D
felony
misdemeanor
not hit and run

dark with no street lights
dark with street lights
dark with street lights not functioning
daylight
dusk or dawn
G

highway
intersection
ramp

"0"
"2"
"3"
"4"
"7"
"8"
"9"
animal
bicycle
fixed object
motor vehicle on other roadway
non-collision
other motor vehicle
other object
parked motor vehicle
pedestrian
train

"21804"
"22350"
automobile right of way
brakes
dui
fell asleep
following too closely
hazardous parking
impeding traffic
improper passing
improper turning
lights
other equipment
other hazardous violation
other improper driving
other than driver (or pedestrian)
pedestrian dui
pedestrian right of way
pedestrian violation
speeding
traffic signals and signs
unknown
unsafe lane change
unsafe starting or backing
wrong side of road

crossing in intersection crosswalk
crossing non-intersection crosswalk
crossing not in crosswalk
H
in road
no pedestrian involved
not in road
using school bus

"2"
fell asleep
other improper driving
other than driver
unknown
vehicle code violation

construction
flooded
holes
loose material
normal
obstruction
other
reduced width

dry
H
I
J
slippery
snowy
wet

"22"
bicycle
emergency vehicle
highway construction equipment
moped
motorcycle or scooter
other bus
other vehicle
passenger car
passenger car with trailer
pedestrian
pickup or panel truck
pickup or panel truck with trailer
schoolbus
truck or truck tractor
truck or truck tractor with trailer

broadside
head-on
hit object
I
N
O
other
overturned
pedestrian
rear end
sideswipe

clear
cloudy
fog
other
raining
snowing
wind

"4"
cellphone in use
cellphone in use (handheld)
cellphone in use (hands-free)
cellphone not in use
no cellphone/unknown

"00"
"66"
"91"
"93"
all terrain vehicle
ambulance
bicycle
boat
container chassis
dune buggy
emergency vehicle (on emergency run)
extralegal permit load
farm labor transporter
farm labor vehicle
farm labor vehicle (certified)
federally legal double combo over 75 feet
federally legal semi
fifth wheel travel trailer
fire truck
fork lift
general public paratransit
go-ped, zip electric scooter, motoboard
hwy. construction equip.
implement of husbandry
low speed vehicle
mini-vans
misc. motor vehicle (snowmobile, golf cart)
misc. non-motor vehicle
mobile equipment
motor driven
motor home
motor home > 40 feet
motorcycle
motorized bicycle
non-commercial bus
other commercial
paratransit
passenger car, station
passenger car, station wagon, jeep: hazardous material
passenger car, station wagon, jeep: hazardous waste or hazardous waste/material combination
passengers
pedestrian
pickup and camper: hazardous material
pickup and camper: hazardous waste or hazardous waste/material combination
pickup w/camper
pickups & panels
pickups and panels: hazardous material
pickups and panels: hazardous waste or hazardous waste/material combination
pole, pipe, or logging dolly
police car
police motorcycle
public transit authority
pull
pull tank trailer
school bus contractual type i
school bus contractual type ii
school bus private type i
school bus private type ii
school bus public type i
school bus public type ii
school pupil activity bus type i
school pupil activity bus type ii
second or additional enforcement action(s)
semi
semi tank trailer
sport utility vehicle
three-axle tank truck: hazardous material
three-axle tank truck: hazardous waste or hazardous waste/material combination
three-axle tow truck
three axle tank truck
three or more axle truck
three or more axle truck: hazardous material
three or more axle truck: hazardous waste or hazardous waste/material combination
three trailers
tour bus
trailer coach
truck tractor
truck tractor: hazardous material
truck tractor: hazardous waste or hazardous waste/material combination
two-axle tank truck: hazardous material
two-axle tank truck: hazardous waste or hazardous waste/material combination
two-axle tow truck
two-axle truck: hazardous material
two-axle truck: hazardous waste or hazardous waste/material combination
two axle tank truck
two axle truck
two tank trailer
two trailers (includes semi & pull)
unknown hit and run vehicle involvement
utility
youth bus

"0"
"4"
backing
changing lanes
crossed into opposing lane
entering traffic
making left turn
making right turn
making u-turn
merging
other
other unsafe turning
parked
parking maneuver
passing other vehicle
proceeding straight
ran off road
S
slowing/stopping
stopped
traveling wrong way

automobile right-of-way
brakes
child restraint
city ordinance
driving or bicycling under the influence of alcohol or drug
excessive noise
excessive smoke
failure to heed stop sign
failure to heed stop signal
following too closely
hazardous parking
health/safety code (misdemeanor)
hit and run
impeding traffic
improper lane change
improper passing
improper registration
improper turning
lights
off-highway vehicle violation
other equipment
other hazardous movement
other non-moving violation
oversize
overweight
pedestrian right-of-way
pedestrian violation
reckless driving
seat belt
seat belt (equipment)
under influence in public (647f)
unsafe lane change
unsafe speed
unsafe starting or backing
wrong side of road

G
impairment - physical
not applicable
sleepy/fatigued
under drug influence

asian
black
hispanic
other
white

air bag deployed
air bag not deployed
child restraint in vehicle not used
child restraint in vehicle used
child restraint in vehicle, improper use
child restraint in vehicle, use unknown
driver, motorcycle helmet not used
driver, motorcycle helmet used
lap belt not used
lap belt used
lap/shoulder harness not used
lap/shoulder harness used
no child restraint in vehicle
none in vehicle
not required
other
passenger, motorcycle helmet not used
passenger, motorcycle helmet used
passive restraint not used
passive restraint used
shoulder harness not used
shoulder harness used
unknown

female
male
X

had been drinking, impairment unknown
had been drinking, not under influence
had been drinking, under influence
had not been drinking
impairment unknown
not applicable

"6"
bicyclist
driver
other
parked vehicle
pedestrian

"04"
bicycle
emergency vehicle
highway construction equipment
moped
motorcycle or scooter
other bus
other vehicle
passenger car
passenger car with trailer
pedestrian
pickup or panel truck
pickup or panel truck with trailer
schoolbus
truck or truck tractor
truck or truck tractor with trailer

--------
--UNK--
(20002)
(NO
(UNKN)
*
*PEDES
??
???
????
`
`BMW
`DODGE
`FORD
`HONDA
`MERZ
<ADD NEW>
"03-06"
"0LDS"
"0RION"
"10 SPD"
"10SPEED"
"12 SPEED"
"14TL"
"1512590"
"1996"
"1999"
"2 AXLE"
"2 WHEEL"
"2 XL"
"20001"
"20001 VC"
"20001(A)"
"20002"
"20002 (A"
"20002 VC"
"20002 VC VEHICLE"
"20002(A)"
"20002(A) CVC"
"20002(A) VC"
"20002(A)1 CVC"
"20002(A)VC"
"20002VC"
"2001"
"2002"
"2005"
"2006"
"2007"
"2008"
"2009"
"2012"
"2013"
"2014"
"2015"
"2016"
"2017"
"2018"
"2019"
"206"
"20FORTY"
"21 SPEED"
"22V8460"
"2500"
"26"",L"""
"2OHN"
"3 AXL"
"3 AXLE"
"3 SPEED"
"3.2TL"
"325CI"
"3AX"
"3AXL"
"3AXLE"
"3G"
"3G BIKES"
"3T"
"4-DOOR"
"4 AXLE"
"4 DOOR"
"4 WIN"
"4 WINDS"
"4350"
"4D"
"4D SEDAN"
"4DR"
"4WIND"
"4WINDS"
"4WN"
"500"
"6KIA"
"6KU"
"6LCC674"
"6MC"
"6SU"
"7 CYCLES"
"700C"
"71EZL"
"7S65748"
"7SOV784"
"8BAR"
"914G"
"9F13470"
"9F26681"
A LA FR
A2
AAA
acadian
ACAPULCO
ACCESS
ACCORD
ACE BTM
ACEE
ACERO
ACG
ACI
ACIRA
ACME
ACR
ACRA
ACRUSA
ACTION
ACUAR
ACUARA
ACUR/
acura
ACURA /
ACURA TL
ACURAA
ACURAQ
ACURE
ACURS
ACURT
ACURY
ACUS
ACUT
ACUTA
ACYRA
ADDCO
ADDMOTOR
ADLY
ADMIR
ADUI
ADV
ADVAN
ADVEN
ADVR
AEAGL
AEGIS
AERBS
AERBU
AERBUS
AERO
AEROBUS
AEROL
AEROLITE
AEROS
AF
AG CAT
AGCO
AGENT
AGH
AGK5
AGRIPLAN
AGROFARM
AGUSTA
AHEAL
AIH
AIR
AIR RIDE
AIRB
AIRBORNE
AIRBUS
AIREX
AIROFAN
AIRS
AIRST
AIRSTREA
AIRWALK
ALAMEDA
ALBERT
ALBERT E
ALCHEMY
ALEG
ALEGO
ALEGR
ALEGRO
ALF
ALFA GOLD
ALFA ROM
alfa romera
ALFAS
ALFG
ALG
ALGRO
ALIGHT
ALITE
ALJO
ALL
ALL CITY
ALLAM
ALLCITY
ALLCO
ALLE
ALLEG
ALLEGR
ALLEGRA
ALLEGRO
ALLEZ
ALLIANZ
ALLIS
ALLISONT
ALLMA
ALLMAND
ALLO
ALLOY
ALLURE
ALOHA
ALPF
ALPHA
ALPIN
ALPINE
ALTAMIRA
ALTE
ALTON
ALTRA
ALUL
ALUMA
ALUMALTE
ALUMINUM
ALUX
ALXDR
AM
AM GEM
AM GEN
AM GEN.
AM GENER
AM GNRL
AM. EAGL
AMALON
AMANTI
AMBASSAD
AMC
AMCAN
AMCCH
AMCLI
AMCLP
AMEB
AMEL
AMEM
AMER LAF
AMERIC
AMERICA
AMERICA LAFANCE
american lafrance
AMERICAN LAFRANCE
american motors
AMERICAN MOTORS JEEP
AMERIL
AMERL
AMES
AMF FLYR
AMFRE
AMG
AMGEN
AMGENERA
AMGN
AMIGO
AMIRA
AMIRN
AMIT
AMITR
AMK29A1
AMLAF
AMMANN
AMMTR
AMPLIFIE
AMRCN
AMREP
AMRLF
AMRON
AMSIC
AMSIG
AMSTAR
AMTRA
AMTRAK
AMTRAM
AMTRAN
AMTRN
AMX
ANCHEER
ANDERSON
ANIMAL
ANKAI
ANSALDOB
ANT.CARR
ANTC
ANTELOPE
ANZER PE
AONDA
APACH
APACHE
APCHE
APGA
APIL
APLLO
APOL
APOLL
APOLLO
APOLLO ZHEJIANG PROD
APR
APRC
APRI
APRIA
APRIL
APRILA
APRILIA
APRILIA MOTORCYCLES
APRILIO
APRILLA
APRILLIA
APRIZA
APRL
APRLA
APROLIA
AQUATECH
AQUILA
AQUISTAP
AQULA
ARBO
ARCA
ARCALIAS
ARCALIS
ARCHER
ARCT
ARCTI
ARCTIC
AREOBUS
ARGO
ARGON
ARGON 18
ARGONAUT
ARGOSY
ARIEL
ARIEL RIDER
ARISTOCR
ARIZO
ARLIT
ARROW
ARROW TA
ARSTRM
ARTIC
ARURA
ASCENT
ASHBURN
ASHKOSH
ASMBL
ASPEN
ASPHALT
ASPIRE
ASPT
ASSE
ASSEMBLE
ASTO
ASTON
ASTON MARTIN
ASTOR
ASTRAL
ASTRO
ASVE
AT
ATHEY
ATIRE
ATMCO
ATRBLT
ATTIT
ATTITUDE
ATTU
ATTUDE
ATV
AUBI
AUBURN
AUCR
AUCRA
AUCT
AUCTO
AUD1
AUDF
audi
AUDIA
AUDIE
AUDII
AUDIO
AUDO
AUGUSTA
AUI
AUIC
AURA
AUST
AUSTI
AUSTIN
AUSTRIAL
AUT
AUTC
AUTCA
AUTCAR
AUTCR
AUTHC
AUTICA
AUTL
AUTO
AUTO CAR
AUTOC
AUTOCA
autocar
AUTOCAR LLC
AUTOCAR/
AUTOFLAG
AUXI
AV8
AVAIL
AVALON
AVANTI
AVEN
AVENT
AVENTON
AVENTON FIXED BIKE GRY
AVICO
AVIGO
AVION
AVTC
AX-60
AXIOM
AZMFG
AZTEC
AZTEK
AZTEL
AZTEX
B & H
B AND B
B,W
B.B AARE
B.M.W.
B?ICYCLE
BACKRDS/
BACKROAD
BAD
BADAS
BAE SYS
BAJA
BAJA J
BAJAJ
BALANCE
BALE WAG
BALEWAGO
BAMBOO
BAMF
BAMX
BANKOUT
BANTM
BAO
BAODI
BAODIAO
BARFOOT
BARH
BARRI
BASHA
BASSO
BATA
BATAVUS (MOPED)
BAUM
BAYES
BAYLINER
BAYSHORE
BAYSIDE
BB
BB BTM
BBEAR
BBIRD
BBMW
BCA
BCC
BCH CRUI
BCHA BTM
BCHCR
BCM
BEA CRUS
BEACH
BEACH CR
BEACH CRUISER
BEACHCRU
BEACHCRUZER
BEAL
BEALE
BEALL
BEARCAT
BEASTMOD
BEAVE
BEAVER
BEAVER/
BEAVR
BELMAR
BEM
BEN
BEND
BENDER
BENELLI
BENNO
BENS
BENSON
BENTELY
bentley
BENTLY
BERIN
BERO
BERTON
BERTONI
BEST
BETA
BGDG
BGDOG
BGTEX
BH
BHRY
BIANCHI
BICK
BICY
BICYCLE
BICYLE
BIG
BIG-TEX
BIG DOG
BIG EASY
BIG RIG
BIG RIPP
BIG SHOT
BIG TEX
BIG TX
BIGBS
BIGDO
BIGDOG
BIGHORN
BIGRIG
BIGTE
BIGTEX
BIGTX
BIKE
BIKE FRI
BIKE ID
BILANO
BILL HOL
BIMOTA
BINCHI
BIOCL
BIRD
BIUC
BKSR
BL BRD
BLACK
BLADE
BLADE Z
BLAZE
BLAZER
BLAZING
BLB
BLBI
BLBLU
BLBR
BLBRD
BLBRD/
BLBRN
BLD
BLDRD
BLIND
BLIX
BLK
BLK BENT
BLK SUV
BLOCKS
BLU BRD
BLU BTM
BLU TREK
BLUCR
BLUD
BLUE B
BLUE BD
BLUE BIRD BODY
BLUE BRD
BLUE CAR
BLUE CYCLE
BLUE CYCLES
BLUE DIA
BLUE HUFFY BICYCLE
BLUEBELL
BLUEBI
bluebird
BLUED
BLW
BMB
BMC
BMD
BME
BMF
BMM
BMN
BMP
BMQ
BMS
BMT
BMV
bmw
BMW MC
BMW328I
BMX
BMY
BMZ
BNDR
BNF
BNSF
BNSF-9
BNTLY
BNW
BOARDWAL
BOARDWLK
BOAT
BOBBIN
BOBCAT
BOBKO
BOLERO
BOMAG
BOMB
BOMBA
BOMBARDI
BOMBARDIER
BOMBAY
BONT
BONTAGER
BONTRAGE
BOOM
BOOSTED
BOOSTER
BOREEM
BOSCH
BOSSH
BOTTECCH
BOTTECCHIA
BOULDER
BOUN
BOUND
BOUNDER
BOUNTRAG
BOW
BOX
BOX TRUC
BOX VAN
BOXTRUCK
BOY
BOYS
BOYS BICYCLE
BRA
BRABUS
BRADLEY
BRANDA
BRANN
BRANSON
BRAU
BRAUD
BRAUN
BRAVE
BRCKT
BRDGSTNE
BREAKPOI
BREDA
BREEZER
BREKBRAK
BRENTWOO
BRHAM
BRIDGE
BRIDGEST
BRIDGPRT
BRIDGSTN
BRIDGSTO
BRIGGS
BRITE
BRITTANY
BRM
BRN
BROC
BROCE
BROCK
BROCKWAY
BRODERSO
BROMPTON
BROMTON
BRONCO
BROOK
BROU
BROUGHAM
BROW
BROWN
BRUISER
BSA
BTMTE
BTST
BUDC
BUDDY
BUE
BUEL
BUELL
BUGATTI
BUIBK
BUICH
buick
BUICK /
BUICL
BUIL
BUKCK
BULE
BULTACO (MOTORCYCLE)
BUS
BUSSO
BUSTIN
BUTLER MFG CO
BW MAN.
BWN
BWV
BYCICLE
BYCLE
BYCYCLE
BYD
BYDA
BYST
C HEV
CAB CADE
CABO
CAD
CADA
CADALIC
CADD
CADDI
CADDILAC
CADDILAR
CADDILLA
CADET
CADEX
CADF
CADI /
CADILIAC
cadillac
CADLI
CADU
CAFI
CAI
CAID
CAILLAC
CAIO
CAJUN CR
CALAVERA
CALCR
CALCS
CALFEE
CALIENTE
CALIFORN
CALK
CALKIN
CALKN
CALLETTI
CALOI
CALTRANS
CAM
CAMARE
CAMBER
CAMBRIDG
CAMPAGNO
CAMRY
CAN-AM
CAN AM
CANA
CANAM
CANANDAL
CANDALE
CANDL
CANE
CANN
CANNDALE
CANNDLE
CANNINDA
CANNODAL
CANNON
CANNON D
CANNONA
CANNOND
CANNONDA
CANNONDALE
CANNONDALE CORP
CANNONDL
CANODLE
CANOND
CANONDAL
CANONDALE
CANONDL
CANONDLE
CANSUCC
CANVON
CANYON
CAPI
CAR
CARACI
CARAVAN
CARDALE
CARGO
CARGOSPO
CARIA
CARMEL
CAROL
CARP
CARPE
CARPENTE
CARPT
CARR
CARRASCO
CARRERA
CARRIER
CARRY
CARRY-ON
CARRY AL
CARRYON
CARSN
CARSO
CARSON
CARSON TRAILER
CARTR
CARVER
CASC
CASCAD
CASCADE
CASCADIA
CASDI
CASE
CASE IH
CASE III
CASE INT
CASE/
CASE/IH
CASEIH
CASIT
CASTROL
CAT
CATA
CATAP
CATAPILLAR
CATE
CATER
CATERPIL
CATERPILLAR
CATI
CATR
CATRIKE
CAVALIER
CAVALO
CAVEMAN
CAYMA
CBLCR
CBR
CBTX
CBUT
CCC
CCCAR
CCHM
CCHMN
CCM
CCOR
CCTRY
CCURA
CDI
CDTX
CEHVROLE
CENTURIO
CENTURION
CENTURY
CERRVELO
CERTRON
CERV
CERVEIO
CERVELL
CERVELLO
CERVELO
CERVEZO
CERVICA
CESSNA
CEV
CEVY
CF-MOTO
CFM
CFMOTO
CFNHG
CFNR
CGEV
CGRY
CHALET
CHALL
CHALLENG
CHAM
CHAMP
CHAMPION
CHANG
CHAOS
CHAP
CHAPARRA
CHAPER 2
CHAR
CHARGE
CHARI
CHARM
CHATEAU
CHATUE
CHE
CHE V
CHEB
CHEBR
CHEBROLE
CHEBV
CHEBY
CHEC
CHECV
CHECY
CHEETAH
CHEEV
CHEF
CHEJ
CHEL
CHEN
CHER
CHERV
CHEV SIL
CHEV VAN
CHEV.
CHEV/GMC
CHEV7
CHEVALLERO MOTORHOME
CHEVB
CHEVELLE
CHEVERO
CHEVI
CHEVL
CHEVORLE
CHEVQ
CHEVRE
CHEVRLE
chevrolet
CHEVROLET /
CHEVROLET/GMC
CHEVROLO
CHEVRON
CHEVRY
CHEVV
CHEVY /
CHEVY./
CHEVY`
CHEVYY
CHEY
CHEYV
CHGNU
CHHEVROL
CHHRY
CHI
CHICAGO
CHICO
CHIN
CHINO
CHINOOK
CHLET
CHLNGR
CHMN
CHONGQIN
CHOPPER
CHR
CHREVY
CHRHY
CHRI
CHRIS
CHRISLER
CHRSL
CHRSYL
CHRSYLER
CHRT
CHRTY
CHRU
CHRUY
CHRV
CHRVROLE
CHRVY
CHRW
CHRY /
CHRY.
CHRYELSE
CHRYSE
CHRYSKER
CHRYSLA
chrysler
CHRYSR
CHRYSTE
CHRYSTLR
CHRYU
CHTH
CHUMBA
CHVE
CHVEROLE
CHVEVROL
CHVEY
CHWEVY
CHYR
CHYRS
CHYS
CHYSLER/
CIM
CIMATTI
CIMC
CINEILI
CINELL
CINELLI
CINTA
CIOCC
CIONCII
CIPO
CIR
CIRBIN MOTORS CORP.
CITIZEN
CITR
CITRE
CITRN
CITROEN
CITY
CITY BIC
CITY BUS
CITY STR
CIVI
CIVIC
CLAAS
CLARIDGE
CLARK
CLEM
CLEVL
CLKNS
CLLNS
CLNMT
CLNS
CLSTER
CLUB
CLUB CAR
CLUBCAR
CMC
CMPTV
CNDALE
CNDL
CNDLE
CNH
CNNDALE
CNNDL
CNNDLE
CNQST
CNTRVAIL
CNTRY CO
CO-MOTIO
CO-OP
CO MOTN
CO.OP
COAC
COACH
COACH HO
COACHMAN
COACHMEN
COACHWOR
COBRA
COCHM
COE
COLANGO
COLBC
COLBU
COLC
COLE
COLEMAN
COLINS
COLL
COLLECTIVE
COLLI
COLLINS
COLLN
COLMN
COLN
COLNAGO
COLNS
COLOMBIA
COLONY
COLORADO
COLT
COLT MFD BY SUZUKI
COLUMBIA
COLUMBUS
COMA
COMARE
COMBINE
COMFORT
COMM
COMMA
COMMANDER
COMMERCIAL VEHICLES
COMP
COMPACT
COMPADRE
CONCEPT
CONCORD
COND
CONDO
CONDOR
CONDR
CONLAGO
CONLE
CONNONDALE
CONNONDL
CONQU
CONQUEST
CONRY
CONT
CONT CAR
CONV
COOKER
COOLS
COOLSTAR
COOLSTER
COONS
COOP
COOPER
CORBAN
CORE
CORO
COROLLA
CORONADO
CORRE
CORSA
CORTZ
CORVETTE
COSMO
COTR
COUCH
COUNC
COUNT
COUNT CO
COUNTRY
COUPE
COVELLA
COYT
COZA
COZAD
COZY BIK
CPNTR
CPTR
CQCR
CRA
CRAFSTMA
CRAFSTMN
CRAFTSMA
CRAFTSMN
CRAIG
CRAIR
CRAN
CRANBROO
CRANE
CRCAR
CREW
CRHY
CRHYSLER
CRICKETT
CRISP
CRITICAL
CRNC
CRNCR
CRONT
CROS
CROSS
CROSS COUNTRY
CROSS.
CROSSROA
CROSSTOW
CROSSTRA
CROVE
crown
CRS MST
CRSN
CRUI
CRUIS
CRUISE
CRUISER
CRUSM
CRUSMR
CRUZ BIK
CSC
CSC 750
CSPOR
CT
CTCOA
CTER
CTM
CTPL
CTPLR
CTREL
CTRLR
CTRY CCH
CTY CA
CUBCAR
CUBE
CULT
CUNNINGH
CURRIE
CURRIER
CURTECH
CURVE
CUSH
CUSHM
CUSHMAN
CUSTF
CUSTM
CUSTOM
CUTAWAY
CUTLASS
CVC SECTION 20001(A)
CVEVY
CVHEV
CYCLAMAT
CYHEVY
CZAV
D-BACK
D-K
D BACK
D. BACK
D\FORD
D0DG
DADGE
daewoo
DAEWOOD
DAGGER
DAHON
DAIH
DAIHATSU
DAIML
DAIMLER
DAIMLERCHRYSLER
DAINA
DAISY
DAIXI
DAKTRONI
DALUISIO
DAML
DAMOLLES
DAMON
DANA
DARGO
DARK
DART
DARWIN
DAT
DATSON
datsun
DATSUN/
DATZ
DAVID
DAWES
DAY 6
DAYB
DAYBREAK
DAYTONA
DB
DBLK
DBX
DCATI
DCHMN
DCHR
DCHST
DCST
DE ROSA
DEER
DEERE
DEL RIO
DEL SOL
DELKR
DELLA CR
DELLA SA
DELOR
delorean
DELSOL
DELTA
DEM
DEMCO
DENAI
DENALI
DEROSA
DESCENT
DESSERT
DETOMASO
DEUTZ
DEUTZ-FA
DEUTZ AG
DEUTZFAH
DEVINCI
DEWEY
DG
DGE
DH
DHM
DIABK
DIAH
DIAKO
DIAM
DIAM BAC
DIAM BAK
DIAM BK
DIAMBACK
DIAMBCK
DIAMBK
DIAMDBK
DIAMNDBK
DIAMNOND
DIAMOND
DIAMOND BACK
DIAMOND REO
DIAMONDB
DIAMONDBACK
DIANCRAF
DIAPD
DIBUS
DICO
DIDG
DIDGE
DIESEL
DIL
DILLINGE
DILLY
DIMDBK
DIMNDBAK
DIMNDBCK
DINA
DINNA
DIODGE
DIPLMT
DIPLOMAT
DIPOLMAT
DIRTBIKE
DISALVO
DISC
DISCO
DISCOV
DISCOVER
DITC
DJBIKE
DK
DKW
DLA SNTA
DLPHN
DM
DMD BCK
DMDBK
DMN CCH
DMNBCK
DMND BCK
DMND BK
DMNDBACK
DMNDBCK
DNAIR
DNBST
DOC
DODBE
DODDE
DODEGE
DODFG
DODG RAM
DODG/FOR
DODG`
DODG1500
DODGD
dodge
DODGE `
DODGE RA
DODGE4
DODGEN MOBILE TECH
DODGF
DODGR
DODGTE
DODLEBUG
DODNGE
DODO
DODOE
DODOGE
DOE
DOEGE
DOGD
DOGDGE
DOGG
DOGMA
DOGR
DOLAN
DOLCE
DOLPH
DOLPHIN
DOMESTIC
DON
DOND
DONF
DONG
DONG GUA
DONGF
DONGFANG
DONKEY
DOODG
DOODGE
DOOG
DOONN
DOOSAN
DORE
DORSE
DOUGLAS
DP
DPDGE
DRAGO
DRAGON
DRDGE
DREAMER
DRESS
DRESSER
DRIVE
DRIVEN
DTCH
DTCH STR
DTCMN
DTLA
DUALTRON
DUBLT
DUC
ducati
DUCATTI
DUCCATI
DUCT
DUGATI
DUKATE
DUMP
DUNE
DUNEL
DUNN
DURABILT
DURARACE
DURASTAR
DURATREK
DURO
DUTC
DUTCH
DUTCH ST
DUTCHMAN
DUTCHMEN
DUTCHSTA
DYNA
DYNA-CFT
DYNACRAF
DYNACRAFT
DYNACRFT
DYNAMAX
DYNASTY
DYNO
DYNOCRAF
DYU
E-0NE
E-BIKE
E-LUX
E-SCOOTER
E-STRIKE
E-Z-GO
E BIKE
E FIRD
E WHEELS
E.M.V.
E1
E350
E450
EAGB
EAGER
EAGL
EAGLE
EAHORA
EAST
EASTERN
EASTN
EASTON
EBC
EBR
ECLIPSE
ECO RIDE
ECOCRUZ
ECORIDE
ECOTRIC
EDA
EDDY
EDDY MER
EDGEWOOD
EDLO
EDY MRKX
EGIL
EGOBIKE
EHS
EL DORAD
EL DORADO
EL DORADO INTL
EL DRDO
ELDARADO
ELDDR
ELDER
ELDO
ELDOR
ELDORADO
ELDR
ELDRB
ELDRD
ELE SPEC
ELEC
ELEC.
ELEC. SCOOTER
ELECT
ELECTA
ELECTRA
ELECTRIC
ELECTRIC BICYCLE
ELECTRIC BIRD SCOOTER
ELECTRNC
ELECTRO-
ELECTROM
ELEKTRIC
ELEMENT
ELETRA
ELGIN
ELIPTIGO
ELITE
ELITE 14
ELITEBMX
ELKCH
ELKHA
ELKHT
ELLIPTI
ELLIPTIG
ELUX
EMD
EMD/
EMDGP
EMK
EMOJO
EMON
EMPIRE
ENCOU
ENCOUNT
ENDEA
ENDOR
ENDUR
ENER
ENERGICA
ENFRD
ENGINE
ENGINE11
ENIGMA
ENT
ENTEGRA
ENVY
EONE
EPIC
EPICENTE
ERKBL
ERTHRMR
ES44C4
ESCAP
ESCAPE
ESCAPER
ESCOR
ESCORT
ESCRT
ESCT
ESSE
ESTAB
ESTABLIS
ETON
EUDOR
EUNORAU
EUNOS
EURO
EUROBIKE
EVDGM
EVER
EVERE
EVI
EVIL
EVO
EVOLUTIO
EVOLVE
EW
EWHEELS
EX-MARK
EXACT
EXCALIBUR
EXCE
EXCITOR
EXCLA
EXCUR
EXEC
EXECT
EXECU
EXECUTIVE
EXISS
EXPDT
EXPED
EXPEDITI
EXPERIEN
EXPLORER
EXRER
EXTRE
EXTREME
EZ
EZ-GO
EZ GO
EZ HAULE
EZ LOADE
EZ RACER
EZ WHEEL
EZDMP
EZGO
EZLD
EZLDR
EZLOADER
EZZLD
F.S.
F0RD
F150
F350
FABC
FABCO
FABFM
FABFO
FABFORM
FABRI
FABRIQ
FABRIQUE
FACTOR
FAEG
FAGGIN
FAIRDALE
FAIRRON
FAIT
FALCON
FALCON/
FANTIC
FARA
FARD
FARIA
FARM EQP
FARMALL
FASTRAC
FAUSTO
FBALL
FBC
FBG
FDE
FDRLC
FDSV
FE
FEATHERL
FEDR
FEIGHT
FELI
FELLG
FELLI
FELT
FELT B2
FELTCYCL
FENDT
FENG
FENIX
FER
FERAR
FERE
FERR
FERRA
ferrari
FERRI
FETISH
FEUFEOT
FEUH
FEZARRI
FEZZARI
FG
FGHT
FHHT
FHRT
FHRT.
FHRTLINE
FHT
FIA
FIAA
FIAGGO
fiat
FIAT /
FIEST
FIESTA
FIJI
FILA
FIRD
FIRENZI
FIRM
FIRMSTRO
FISHER
FISK
FISKER
FISKR
FIT
FIT BIKE
FITBIKE
FITBIKEO
FITO
FIX 8
FIX GEAR
FIXED
FIXED GE
FIXEDGEA
FIXEY
FIXI
FIXIE
FIXIE BLACK LABEL
FIXIT
FIXY
FL
FLAI
FLAIR
FLAT FT
FLATBED
FLDST
FLED
FLEE
FLEEKWOO
FLEET
FLEETW
FLEETWD
FLEETWOD
FLEETWOO
FLEETWOOD
FLEEW
FLEEWOOD
FLETWOOD
FLEWW
FLEXOR
FLGST
FLINR
FLITE
FLORY
FLOUNDER
FLT
FLT WOOD
FLTW
FLTWD
FLTWO
FLTWOOD
FLWD
FLY BIKE
FLYER
FLYS
FLYSCOOT
FLYXII
FMC
FNMVR
FOARD
FOCU
FOCUS
FOD
FOED
FOERD
FONA
FONDRIES
FOORD
FORA
ford
FORD  /
FORD GOLDLINE
FORD SPC
FORD,
FORD/COL
FORD/DOD
FORD/TOY
FORD/UTI
FORD1
FORDD
FORDF
FORDQ
FORDS
FORES
FOREST
FOREST R
FOREST RIVER
FORESTER
FORESTRI
FORETRAV
FORFD
FORG
FORGE
FORGO
FORIV
FORK
FORM
FORR RIV
FORREST
FORSD
FORST RV
FORT
FORTD
FORTWO
FORV
FORVI
FOSTER
FOUNDRY
FOUR
FOUR WIN
FOURW
FOURW /
FOURWIND
FOUW
FPHT
FPRD
FRA
FRAIGHT
FRAIT
FRAMECO
FRAMED
FRANCO
FRAT
FRAZER
FRE
FRE SPRT
FREAGENT
FREAI
FREE
FREE AGE
FREE SPI
FREE SPR
FREE SPT
FREEAGEN
FREEDOM
FREEDOMZ
FREEL
FREESTYL
FREFI
FREG
FREGH
FREGHT
FREGHTL
FREH
FREHTLNR
FREI 2X
FREI 3X
FREI,
FREI/
FREIGHL
FREIGHLI
FREIGHTE
FREIGHTI
freightliner
FREIGHTLINER CORP INC
FREIGHTR
FREIGLIN
FREIGTH
FREIGTHL
FREIGTHLINER
FREIGTHT
FREIGTLI
FREIGTLN
FREIH
FREIQ
FREIU
FRELD
FRER
FRESTRVR
FRET
FREU
FRG
FRGE
FRGHTLN
FRGHTR
FRGHY
FRGI
FRGT.
FRGTHLINER
FRHE
FRHG
FRHGTLNR
FRHLNR
FRHT  /
FRHT BOX
FRHT BTM
FRHT LNR
FRHTE
FRHTLNER
FRHTY
FRHY
FRICTION
FRIEG
FRIEGHTLINER
FRIEGHTNER
FRIER
FRIETLNR
FRIG
FRIGHTLI
FRIGT
FRIT
FRIV
FRLN
FRLR
FRM
FRM STRO
FRMSTRNG
FRMT
FRN
FRNT
FROED
FROH
FRONT
FRONTLINER
FRORD
FROSD
FRR
FRRAR
FRRHT
FRRV
FRST RVR
FRSTR
FRT LNR
FRT RVR
FRT TRK
FRTG
FRTHT
FRTI
FRTLINE
FRTLR
FRTRV
FRTV
FRTVL
FRUE
FRUEH
FRUEHAUF
FRWIN
FRWND
FRY
FS
FS20
FSA
FSKR
FSTAR
FT
FTHT
FTLL
FTLN
FTR
FTRB
FTWD
FUEL
FUFI
FUGI
FUJI
FUJU
FULL
FULT
FUN FINDER
FUNMO
FUSA
FUSION
FUSO
FUTI
FUTL
FUWI
FVLE
FWD
FWD BTM
FWNDS
FXD
FXR
G
G BTM
G E
G FISHER
G M
G&S
G. E.
G.E.
G.M.
G.M.C.
GA BOY
GAINT
GALIO
GALION
GALLA
GALV
GARDALL
GARNEAU
GARP
GARY
GARY FIS
GARY FISCHER
GARY FISHER
GARY FSH
GARYFISH
GATEWAY
GAULZETT
GAUNTLET
GAZELLE
GB
GBM
GCHDS
GCM
GDAN
GE
GE DIESE
GE LOCO
GE LOCOM
GE TRANS
GEAX
GEEKHOUS
GEFF
GEM
GEN
GEN 2
GEN DYNA
GEN ELEC
GEN MOTO
GEN MTR
GENE
GENELC
GENELEC
GENER
GENERAL MOTORS CORP. (GMC
GENERIC
GENESIS
GENESIS V2100
GENESISG
GENESISI
GENIE
GENIS BT
GENISIS
GENISUS
GENNUINE
GENS
GENSET
GENSIS
GENU
GENUI
GENUINE
GENUINE SCOOTER CO
GENZE
GENZIE
geo
GEO/
GEOBY
GEOR
GEORAMA
GEORETOW
GEORGBY
GEORGE
GEORGETW
GEORGIE
GEOT
GEOTN
GER BOY
GERBX
GERGTOWN
GERO
GERVELO
GESTR
GFSTR
GH
GHE
GHM
GHONDA
GHOST
GHP BMX
GIAA
GIAN
GIANI
GIANT
GIANT XL
GIBSON
GICG
GIL
GILLA
GILLET
GILLG
gillig
GILLIS
GILLISON
GILLK
GIO
GIORDANO
GIOS
GIRAD
GIRAR
GIRARD
GIRDN
GKM
GKU
GL POINT
GLACIER
GLAV
GLAVA
GLAVAL
GLBEN
GLBGN
GLBL
GLD
GLDNCOMP
GLENDALE
GLENDL
GLFST
GLFSTRM
GLIDE
GLION
GLK
GLLC
GLOBA
GLOBAL
GLOBE
GLOBL
GM LLV-A
GMAC
GMBH
gmc
GMC 3500
GMC/CHEV
GMC`
GMCC
GMCSIERR
GMCV
GMCX
GMY
GNKFT
GNRC
GNRCH
GNSI
GNT DEFY
GNUIN
GO-KART
GO-PED
GO BOWEN
GO CART
GO KART
GO PLUS
GOCART
GODGE
GOE
GOGO
GOLD
GOLD RUSH
GOLDEN
GOLDEN C
GOLDEN CYCLE
GOLF
GOLF &CO
GOLF CART
GOLFCART
GOLFSTRE
GOLLI
GOMACO
GOMEZ
GOMIER
GONDA
GOPED
GORD
GOS
GOSC
GOSH
GOSHE
GOSHEN
GOTRAX
GOV
GP60
GPX
GRADALL
GRAMM
GRAN
GRAN PEA
GRAN SPO
GRAND
GRAND SP
GRANDFON
GRANDSPR
GRANITE
GRANITE PEAK
GRANT
GRANTPK
GRATD
GRATE DA
GRAVELY
GRAVITY
GRAY
GRCTTI
GRE
GREAT
GREAT DA
GREAT DI
GREATDAN
GRECH
GREEN
GREEN KR
GREEN LI
GREENBIKE
GREENLIN
GREG LEM
GREGOIRE
GRENADE
GREY
GREYH
GREYHOUN
GRIFFEN
GRIND
GRM
GRMA
GRN
GRNC
GRND FOR
GRND JUN
GRNDI
GRNGR
GRNIT PK
GRNPW
GRNT PEK
GRNT PK
GROUMMAN
GROVE
GRT DANE
GRT SPRT
GRTD
GRTDN
GRUM ALL
GRUM LLV
GRUMAN A
GRUMAN ALLIED
GRUMANS
GRUMEN
GRUMMAM
grumman
GRUMMAN-OLSEN
GRUMMAN ALLIED INDS
GRUMMAN LLV
GRUMMEN
GRUMON
GRUNMAN
GRY
GRY FISH
GRY FSHR
GRYF
GRYMAN
GSCI
GSCOOTER
GSCTR
GSTRIDE
GSXR
GT
GT BMX
GTD
GTDANE
GTS
GUERCIOT
GUILLI
GULF
GULF ST
GULF STR
GULFS
GULFSTEA
GULFSTRE
GULFSTREAM
GULFSTRM
GULLIG
GUNNAR
GUNNER
GURMAN
GURU
GXZ
H-D
H D
H. D.
H.D.
H/D
H0ND
H6NDA
HAFR
HAIBIKE
HAIRBIKE
HALFT
HALLMARK
HAMM
HANG TEN
HANGTEN
HAR
HAR-DAV
HAR DAV
HAR DAVI
HAR DVD
HARD
HARD ROC
HARDA
HARDAV
HARDL
HARDLE
HARDROCK
HARE
HARELY
HARK
HARKLEY
HARL-DAV
HARL DA
HARLD
HARLDVD
HARLE DA
harley-davidson
HARLEY -
HARLEY DAVISON
HARLEY,
HARLEYDA
HARLI
HARLO
HARLY D
HARLY DA
HARLYDVD
HARN
HARO
HARPER
HARROW
HARSC
HARTL
HASA
HATCHBAC
HAUL
HAULM
HAULMARK
HAULMRK
HAVIC
HAVOC
HAWKI
HAY HOG
HAYHG
HAYHO
HAYHOG
HAYLI
HAYSZ
HAYUNDAI
HBBC
HD /
HD BUELL
HDK
HDR
HEARTLAN
HEDRICK
HEIL
HELLO
HEMTT
HENDR
HENO
HENSI
HENSIM
HERITAGE
HERTZ
HESSTON
HESTON
HEW HOLL
HEYMER
HH
HHR
HI-TECH
HIBOY
HIDO
HIGGNINS
HIGHROLL
HIGHTIDE
HIGHW
HIGLH
HILLBORN
HILLMAN
HILO
HIMIWAY
HIN
HIN0
HINA
HIND
HINDA
HINDO
HINE
HINI
HINNO
hino
HIRO
HISS
HISUN
HIT
HIT AND
HIT&RUN
HITACHI
HITEC
HIUNDAI
HIWAY
HK
HLMRK
HLRD
HLRV
HMC
HMD
HMDE
HME
HME FT
HMETT
HMM
HMMV
HMMWV
HMPRK
HMVV
HND
HNDA
HNIO
HNO
HNSIM
HNSM
HO NDA
HOBB
HOBBS
HOBND
HOBNDA
HODA
HODAKA (MOTORCYCLE)
HOFFMAN
HOINO
HOJND
HOLDER
HOLI
HOLID
HOLIDAY
HOLIDAY RAMBLER
HOLL
HOLLAND
HOLLANDS
HOLLOWAY
HOLR
HOLRM
HOLT
HOMA
HOMD
HOMDA
HOME
HOMEM
HOMEMADE
HOMES
HON /HYU
HON/
HON/ACUR
HONADA
HOND`
honda
HONDA  /
HONDA AC
HONDA MOTORCYCLE
HONDAA
HONDAD
HONDAI
HONDAQ
HONDCIVI
HONDDA
HONDE
HONDF
HONDO
HONDQ
HONEY
HONFA
HONN
HONNDA
HONODA
HONY
HORN
HORNE
HORNET
HORSE
HORTN
HOT
HOTROCK
HOVER
HOVER-1
HOVER 1
HOWE
HP
HPVELO
HR
HRAM
HRAMB
HRAMBC
HRAMP
HRC
HRHT
HRL
HRLY DV
HRLY DVD
HSB
HSE
HSI
HUANDAI
HUBER
HUD
HUDSON
HUFF
HUFFEY
HUFFY
HUGH
HUGHES
HUM
HUMER
hummer
HUMMERBE
HUMMR
HUMMRT
HUMN
HUMV
HUND
HUNDAI/
HUNDI
HUNDIA
HUNTINGT
HUNTS
HURDER
HURIC
HURLEY
HURR
HURRI
HURRICAN
HUSABERG
HUSKY
HUSQ
HUSQU
HUSQV
HUSQVARNA
HUSSEFEL
HUSV
HUUNDAI
HUY
HUYANDAI
HUYNADI
HUYND
HUYNDIA
HUYNUDAI
HUYUN
HVRGRND
HWY
HWY SFTY
HY
HYA
HYAN
HYBRID
HYD
HYDRO
HYDU
HYEN
HYI
HYI]UN
HYIN
HYIU
HYIU N
HYMR
HYNDI
HYNDIA
HYNO
HYNUNDAI
HYOS
HYOSN
HYOSONG
HYOSONIG
HYOSU
HYOSUNG
HYPAC
HYPE
HYPER
HYPER 26
HYPERBIK
HYPO BIK
HYSONG
HYSTER
HYSU
HYSUNG
HYTR
HYUA
HYUANDA
HYUB
HYUBDAI
HYUBNDAI
HYUDA
HYUDANI
HYUDNAI
HYUINDA
HYUINDAI
HYUN`
HYUNADAI
HYUNADI
HYUNB
HYUNBD
hyundai
HYUNDAL
HYUNDAO
HYUNG
HYUNN
HYUNS
HYUON
HYUS
HYUUND
HYUY
HYYN
IBEX
IBIS
IC
IC BTM
IC BUS
IC CORP
ICBU
ICBUS
ICC
ICCO
ICCON
ICCOP
ICCOR
ICCOR/
ICCORP
ICCPR
ICCRP
ICCUR
ICE
ICH
ICOR
ICORP
ICRP
ICRPT
ID NORL
IDAHO
IDEAL
IFINI
IFINITY
IH
IHC
IHTL
IINT
IINTL
IKEA MTB
IKIA
IL BELLO
ILAND
IMACS
IMAGE
IMPALA
IMPE
IMPER
IMPERIAL
IMPLUSE
IMPORT
INANAM
INCLINE
IND
INDE
INDEPEND
INDEPNDT
INDI
INDIA
INDIAN
INDIAN (MOTORCYCLE)
INDN
INDU
INDUSTRIAL & MUNICIPAL ENGRG
INE
INERNTL
INFF
INFIFITI
INFIFNIT
INFII
INFIINIT
INFIINTI
INFINIFI
INFININI
INFININT
infiniti
INFINITY TRAILER SALES
INFINIY
INFINTIY
INFIR
INFITI
INFITIN
INFITIY
INFITY
INFNI
INFNITI
INFO
INFON
INFTY
INFUI
INGER
INGLIS
INGS
INGSL
INI
INIFITI
ININITY
INLINE
INNO
INNTL
INRON HO
INT
INT'L
INT BTM
INT.
INT/
INTA
INTC
INTE
INTE /
INTE 3X
INTE/
INTEGNOT
INTEGRA
INTEL
INTEN
INTENAL
INTENSE
INTER.
INTER/
INTERA
INTERAN
INTERC
INTERCEP
INTERL
INTERN
INTERN.
INTERNA
INTERNAL
INTERNAN
INTERNATIONAL
international harvester
INTERNATIONAL TRAILER
INTERNL
INTERNTL
INTERNTN
INTERSTA
INTERSTATE
INTI
INTIL
INTK
INTKT
INTL /
INTL BTM
INTL CA
INTL PRO
INTL VAN
INTL.
INTL/
INTLN
INTLNATL
INTN
INTNATIO
INTNCL
INTNL
INTNL/BL
INTNT
INTNTL
INTNTNL
INTPSTR
INTR
INTRL
INTRN
INTRNANL
INTRNAT
INTRNATE
INTRNATL
INTRNL
INTRNTL
INTRNTNL
INTRT
INTRU
INTRUDER
INTS
INTST
INTWS
IPIPM
IPT
IR
IR BLAW
IRIZ
IRO
IRON HOR
IRON HRS
IRONE
IRONH
IRONHORS
IRONMAN
IRPAN
ISCOR
ISI
ISIZ
ISS
ISSU
IST
ISUS
ISUSU
ISUSZ
ISUZ /
ISUZA
ISUZI
ISUZO
isuzu
ISUZU,
ISUZU/
ISY
ISZ
ISZU
IT PROST
ITAL
ITALICA
ITALIKA
ITALVEGA
ITAS
ITASC
ITASCA
ITASCO
ITAT
ITL
ITMIN
ITNL
IVEC
IVECO
IZALCO
IZALKO
IZIP
IZSZU
IZU
IZUS
IZUSU
IZUZU
J. DEERE
J.DEERE
JAC
JACK RAB
JACKRABB
JACKRUNN
JACOBSEN
JAGUAL
jaguar
JAGUARD
JAGUR
JAKSTER
JAMB
JAMBEE
JAMBO
JAMBOREE
JAMBOREE MOTOR HOME
JAMBR
JAMEE
JAMES
JAMIS
JAMIS /
JAMS
JANNIS
JAQ
JAQUAR
JAU
JAVELIN
JAY
JAYC
JAYCO
JAYFR
JAYUNION
JAZZ
JAZZY
JBL
JCB
JCBSN
JCP
JD
JDEERE
JEEB
JEED
JEEK
JEEL
jeep
JEEP[
JEEPO
JEETP
JELL
JENS
JENSEN
JENWORTH
JEP
JETMO
JETSON
JETTA
JGG
JHNDEERE
JHNST
JHON
JIA
JIABG
JIANG
JIANGSU
JLG
JLG LIFT
JMBRE
JNHYQ
JOHD
JOHN D
JOHN DE
john deere
JOHN DER
JOHN DR
JOHNS
JOHNSON
JOHNST/
JOHNSTON
JOHPG
JOLT
JON
JONDEERE
JONSN
JONWA
JONWAY
JONWY
JORDAN
JOURNEY
JOYN
JOYOR
JPEG
JTP
JUBILEE
JUICED
JUMP
JUPITER
JVL
JYNX
K-2
K T M
K W
K2
KABOTA
KABUTO
KAI
KAIKO
KAISER
KALIN
KALIN PR
KALK
KALKHOFF
KALKU
KALM
KALMAR
KANDI
KANGDI
KAOS
KARA
KARAV
KARIN
KARM
KARMA
KARMANN
KAT
KATANGA
KATEBOLT
KAUFM
KAUFMAN
KAW
KAWA /
kawasaki
KAWASK
KAWASKAI
KAWASKAK
KAWAZAKI
KAWHK
KAWISAKI
KAWJ
KAWKASAK
KAWS
KAWSK
KAZUMA
KC POWERSPORTS
KECO
KEH
KEN
KEND
KENDA
KENESIS
KENK
KENKT
KENMORE
KENN
KENNETH
KENO
KENSKILL
KENSWOR.
KENSWORT
KENT
KENT 700
KENT INT
KENT NIG
KENTHWOR
KENTUCKY
KENTW
KENTWOOD
KENTWORT
KENW /
KENWARD
KENWIRTH
KENWOO
KENWOOD
KENWORK
KENWORKT
kenworth
KENWOTH
KENWR
KENWT
KENWTH
KERSHAW
KESTRAL
KESTREL
KETW
KEYSTONE
KHS
kia
KIA MOTORS
KIA RONDO
KIA`
KIAA
KIAQ
KICKER
KIDA
KIKA
KILBY
KIM
KINETIC
KING
KINGSLEY
KINISS
KINK
KINKYSHA
KIT
KITCO
KITM
KIW
KIZ
KK
KLEIN
KLIEN
KLINE
KLR
KM
KME
KME QUIN
KMEFA
KMFRT
KMM KOVATCH
KMW
KNGR
KNIGHT
KNNW
KNTCO
KNTWT
KNW
KNWR
KNWRT
KNWRTH
KNWT
KNWTH
KOBE
KOBELCO
KODAK
KODIA
KODIAK
KOGA
KOLEOS
KOLO
KOMASUTO
KOMAT
KOMATSU
KOMF
KOMFORT
KOMFT
KONA
KORVAN
KOVATCH
KRING
KROME
KRSTL
KRY
KRYPTON
KRYS
KRYST
KRYSTAL
KTC
KTM
KTM.
KTMX
KTW
KTY
KUBATA
KUBO
KUBOJA
KUBOTA
KUBOTAS
KUIA
KULANA
KUNA
KUOTA
KURAZAI
KURBERG
KURBM
KUST CRS
KUTZ
KV
KVCH
KW
KW /
KW 3AXLE
KW 3X
KW BTM
KW DART
KW/
KW`
KWE
KWN
KWORTH
KWT
KWW
KYM
KYMC
KYMCO
KYRSTAL
KZR
LA JOLLA
LA METRO BUS
LA TULLA
LABRIA
LADIES MARGARITAVILLE
LAFR
LAFRFANC
LAGER
LAGUONI
LAJOLLA
LAKEV
LAMB
LAMBO
LAMBORGH
LAMBORGHINI
LAMBRETT
LAMO
LAN
LANC
LANCE
LANCER
LANCIA
LAND PRI
LAND R
LAND RID
LAND RO
LAND ROV
land rover
LANDINI
LANDL
LANDO
LANDOLL
LANDRAID
LANDROV
LANDROVR
LANDS
LANDSHAR
LANL
LAPIERRE
LAREDO
LARGE
LARGO
LARUE
LASAL
LASBR
LAV
LAWRENCE
LAYMOR
LAYTN
LAYTON
LAZY
LAZY DAY
LAZY DAZ
LAZYD
LAZYDAYZ
LAZYDAZE
LBX
LCONT
LDAZE
LDNINSA
LDNR
LDUDE
LE-BRIE
LEADER
LEADES
LEC
LECTRIC
LED
LEE BOY
LEEP
LEGACY
LEGEND
LEGNANO
LEGND
LEIK
LEIS
LEISURE
LEMANS
LEMOND
LENCO
LEOPARD
LEOPRECH
LEP
LEP BTM
LEPR
LEPRECHA
LESUS
LESUX
LEU
LEUX
LEXC
LEXINGTO
LEXL
LEXS/
LEXU.
LEXUE
LEXUES
LEXUIS
lexus
LEXUS /
LEXUS`
LEXUSE
LEXUSQ
LEXUZ
LEXY
LEY
LEYLA
LEYLAND
LEZU
LFLEX
LGHT SPD
LHQ
LHS
LIBER
LIBERTY
LIBHR
LIC
LICN
LICO
LICOL
LICON
LIEB
LIEBH
LIGHT
LIGHT SP
LIGHTSPD
LIGHTSPE
LIME
LIME-S
LIME CITY EQUPT
LIMO
LINC.
LINCLON
LINCOLC
LINCOLCN
LINCOLIN
lincoln
LINCOLN/FORD
LINCOLON
LIND
LINDE
LINDY
LINK
LINK-BEL
LINK BEL
LINKB
LINKBELT
LINL
LINO
LINOLN
LINUS
LINV
LION
LITESPED
LITESPEE
LIV
LIV AVAIL ROAD BICYCLE
LIZU
LKBLT
LKLM
LLB
LLRO
LLV
LLV-A
LMBO
LMTV
LNBUS
LND
LND RDR
LND ROV
LNDAU
LNDER
LNDMK
LNDR /
LNDRIDER
LNDROVER
LNDRV
LNDRVR/
LNDSHRK
LNK-BLT
LNKBL
LOADAL
LOADCRAFT
LOADER
LOADM
LOADT
LOADTRAI
LOBOY
LOCOMOT
LOCOMOTI
LODAL
LODC
LODOC
LOGAN
LOMAC
LONCIN
LONG
LONGJIA
LONGLIFE
LONGR
LONR
LOOK
LOOK 585
LOOKS
LORA
LORAI
LORAIN
LOT
LOTRL
LOTU
LOTUS
LOW
LOWBOY
LOWII
LPRCN
LR
LRO
LROUR
LROV
LROVR
LRXUS
LSBRS
LTRV
LTSPEED
LUCID
LUMIDOR
LUMINA
LUNA
LUOJIA
LUYUAN
LVRDA
LXNGTN
LYFT
LYNSKEY
LYNSKY
LZBU
LZYDZ
M BENZ
M BNZ
M. BENZ
M. BNZ
M/B
M/C
M1070
M1075
M1083A
M1151A1
M1165A
MAACK
MAC
MAC DON
MAC MTRS
MACDON
MACH
MACJ
mack
MACK /
MACK TRUCKS INC
MACK/
MACLEREN
MACWHEEL
MADAZ
MADD
MADOGEAR
MADONE
MADRID
MADRONE
MADUO
MADWGN
MADZ
MAGANA
MAGICIAN
MAGIRUS
MAGMA
MAGNA
MAGNU
MAGNUM
MAGRI
MAGST
MAHINDRA
MAICO
MAIL
MAILTRUC
MAIRE
MAJA
MAJE
MAJES
MAJESTIC
MAK
MALIB
MALIBU
MALLA
MALLARD
MALRD
MAMBA
MAN
MANAC
MANACO
MANDALAY
MANDARIC
MANGOOSE
MANHATEN
MANINDRA
MANITOWO
MANTIS
MARA
MARAT
MARCO
MARGARITA
MARIN
MARIN CRUISER BROWN
MARK XV
MARKSMAN
MARMON HARRINGTON
MARQUIS
MARUISHI
MASA
MASE /
MASE/
MASERA
maserati
MASERR
MASON
MASR
MASS
MASS/FRG
MASSAY FERGUSON
MASSE
MASSERAT
MASSEY
MASSEY FERGUON
MASSEY FERGUSON
MASSIMO
MASSOY
MAST
MASTER
MASTERS
MATE
MATRIX
MAVERICK
MAX
MAXD
MAXEY
MAXFOOT
MAXIMA
MAXLITE
MAXSYM
MAXXFORC
MAY
MAYB
MAYBACH
MAZARATI
MAZD   3
MAZD 6
MAZD/
MAZD3
mazda
MAZDA  3
MAZDA  6
MAZDA`
MAZDA3
MAZDE
MAZDFA
MAZDSA
MAZS
MAZX
MAZZERAT
MB
MBC
MBENZ
MBL
MBLSW
MBLT
MBNZ
MBRB
MBW
MBX
MBZ
MBZ SPR
MC
MC1
MCA
MCBNZ
MCBZ
MCCARDO
MCCARGI
MCCLAIN
MCCORMIC
MCI
MCIM
MCIN
MCK
MCKT
MCL
MCLA
MCLARE
MCLAREN
MCNEILUS
MCU
MDATL
MDLND
MEB
MEBR
MEC
MECB
MECED
MECEDES
MECER
MECURY
MEDICI
MEEPO
MEER
MEERCEDE
MEGA TLR
MEGAMOTO
MEIDO
MEIDU
MEITIAN
MEKK
MELBO
MENS
MER
MER-BENZ
MER BENZ
MER BNZ
MERC /
MERC BNZ
MERCANE
MERCD
MERCDES
MERCEDES-BEN
MERCEDES-BENS
mercedes-benz
MERCER
MERCH
MERCIER
MERCK
MERCKS
MERCKX
MERCRY
MERCSABL
mercury
MERCY
MERDEDES
MERDZ
MERE
MERECEDE
MEREZ
MERIDIAN
MERK
MERKUR
MERLIN
MERN
MERR
MERS
MERSB
MERURY
MERV
MERX
MERZ-BEN
MERZ-BNZ
MERZ BEN
MERZ BN
MERZ./
MERZBZ
MERZC
MET
MET 2000
METAL CRAFT
METEOR
METRO
METRO BUS
METROLNK
MEYER
MEZ
MEZB
MG
MGA
MGB
MGRUNO
MGX
MHA
MHKE
MIAMI SU
MIATA
MICAEL
MICAR
MICARCI
MICARDI
MICARGE
MICARGI
MICARGY
MICHARGI
MICKE
MICR
MID
MIDAS
MIDBS
MIDBUS
MIFI
MIFU
MIG
MIGHT
MIKE BUF
MILAN
MILES
MILITARY
MILL
MILLER
MILT
MIMI
MIN
MIN I
MINE
mini
MINI-BIKE M/C
MINI BIK
MINI BIKE
MINI C
MINI CO
MINI COO
MINI CPR
MINI/
MINIBIKE
MINICOOPER
MINIM
MININ
MINISCOOTER
MINIVAN
MINNIEWI
MINO
MINOTOUR
MIRAD
MIRAMAR
MIRGE
MIRRA
MISFIT
MISS
MISSION
MISSISSIPPI
MISTUB
MISTUBISHI
MISTYLE
MITA
MITCHELL
MITD
MITH
MITIS
MITISUBI
MITSB
MITSBISH
MITSBSH
MITSBSHI
MITSBUSH
MITSI
MITSIB
MITSO
MITSS
mitsubishi
MITSUBS
MITSUBUS
MITUB
MITUBISH
MITUS
MITUSBIS
MITX
MITXU
MITZUBIS
MIVETA
MIYABA
MIYATA
MK
MKZ
MLBLT
MLBT
MLIN
MLTSP
MMCL
MMDI
MMITS
MNAC
MNACO
MNAL
MNCC
MNDLY
MNIC
MNITR
MNN
MNNI BTM
MNTRA
MOBIL
MOBILE
MOBILITY
MOBIUS
MOBY
MOFFET
MOFFETT
MOFFIT
MOGU
MOMANE
MON
MONA
MONAC
MONACCO
MONACO
MONANCO
MONARCH
MONDA
MONDRAKE
MONG
MONGOOS
MONGOOSE
MONGOOSE RAVAGE BLUE
MONGOSE
MONICO
MONITOR
MONOCO
MONON
MONROVIO
MONSTER
MONTAN
MONTEREY
MOON
MOONGOOS
MOONGOSE
MOOTS
MOPED
MORATI
MORBA
MORG
MORGA
MORGAN
MORR
MORRI
MORRIS
MORRISON
MORVEN
MOSAIC
MOSH
MOSSEY
MOT
MOTBECAN
MOTIV
MOTIVE
MOTO
MOTO COA
MOTO GUZ
MOTO GUZZI
MOTOBEC
MOTOBECA
MOTOBEGA
MOTOBELA
MOTOBICA
MOTOBOX
MOTOG
MOTOGUZ
MOTOGUZZ
MOTOPED
MOTOR
MOTOR-DR
MOTOR CO
MOTOR SCOOTER
MOTORBEC
MOTORCAN
MOTORCH
MOTORCOA
MOTORCYC
MOTORCYL
MOTORIZD
MOTORIZE
MOTORIZED BICYCLE
MOTORIZED PAT BIKE
MOTOVOX
MOTTO GU
MOUNT
MOUNTAIN
MOUNTAIN BICYCLE
MOUNTAIN BIKE
MOUNTAIN VALLEY
MOUNTAINS TO SEA
MOUNTIAN
MPI
MRBZ
MRCBNZ
MRCEDES
MRGNB
MRGO
MRGOL
MRMNR
MRZ
MSTCK
MT. FURY
MT. VIEW
MTA
MTAR
MTIS
MTISUBIS
MTN
MTN BIKE
MTN SPOR
MTNBIKE
MTOGU
MTR BIKE
MTRCI
MTRCOACH
MTRCYCLE
MTROCYCL
MTS
MTSUBSHI
MTV
MTVR
MUAU
MUKA COMP
MULT
MUNDO
MURF
MURM
MURRAY
MURRY
MURTISOL
MUSTANG
MV
MV-1
MV AGSTA
MV AGUST
MV AUGST
MV INTERNATIONAL
MVA
MVAG
MVAGOU
MVAGU
MVAGUS
MVAGUSTA
MVAU
MVLLC
MVO
MWES
MWW
MXDMP
MXTRL
MYERS
MYERS&SO
MYSTIC
MZ
MZADA
MZB
N HOLLAN
N. ROCK
N/WOODS
NAB
NABI
NABI BTM
NABIN
NABO
NABORS
NAKTO
NAPOLI
NASHBAR
NASU
NAT SIG
NATIN
NATIO
NATIONAL
NATL
NATLS
NATNL
NATO
NATSG
NAVARRO
NAVI
NAVIGATO
NAVIIS
NAVIO
NAVIS
NAVISTAR
NAZDA
NBI
NDMC
NECO
NEDPLAN
NEILPRYD
NELUSSO
NEO
NEOFL
NEOPL
NEOPLAN
NEOPOLIT
NEPTUNE
NER
NERCEDES
NEVADA
NEW
NEW BTM
NEW FL
NEW FLET
NEW FLY
NEW FLYE
NEW FLYER
NEW FLYER INDUSTRIES
NEW FLYR
NEW FOUN
NEW FYLER
NEW H
NEW HLND
NEW HOL
NEW HOLA
NEW HOLL
NEW HOLLAND
NEW MAR
NEW WAY
NEWELL
NEWF
NEWFL
NEWFLIGHT
NEWFLOW
NEWFLY
NEWFLYER
NEWHOL
NEWHOLL
NEWHOLLA
NEWHOLND
NEWM
NEWMA
NEWMAR
NEWMARK
NEWMR
NEWPORT
NEWSTAR
NEWSTATE
NEX
NEXT
NEXT PWR
NEXUS
NF
NFLY
NFLYER
NFLYR
NFOAI
NHOLL
NHOLLAND
NIA
NIAS
NIC
NICKELOD
NID
NIELPRYD
NIGHTHAWK
NIISA
NIITAKA
NIKISHI
NIN
NINEBOT
NINER
NINGODUN
NINJA
NIPPAN-S
NIPPO
NIPPON-S
NIPPONSH
NIRVE
NIS/TOYT
NISASN
NISC
NISH
NISHIKI
NISHIKI BICYCLE
NISHKI
NISI
NISIS
NISN
NISS-UD
NISS UD
NISS/TOY
NISS`
NISSA`
NISSAB
NISSAIN
nissan
NISSAN 65460
NISSAN T
NISSANB
NISSANM
NISSANN
NISSANQ
NISSANT
NITRO
NITROUS
NITRUS
NITTAS
NIVOLET
NIX
NIZZ
NMW
NNFLR
NNISSAN
NOD
NOMAD
NONDA
NONE
NORAM
NORCO
NORTH
NORTH AMERICAN BUS
NORTH RO
NORTHROC
NORTHROCK
NORTHRUP
NORTN
NORTO
NORTON
NORTW
NOVA
NOVAB
NOVAR
NOVARA
NOVARO
NOVARRA
NOVARRO
NOVO
NOVORA
NRCAL
NRG
NRGMC
NRZ
NSSA
NSSAN
NST
NSTI
NTISG
NTLRV
NTLSG
NTNL
NUCEN
NUSSAN
NUVATION
NUWA
NUWAY
NVRS
NVX
NW HLAND
NW HLND
NW HOLL
NW HOLLA
NWFCR
NWFLR
NWFLY
NWFLYR
NWFRL
NWLFR
NWMA
NWMR
NYUN
O-SCHOOL
OASIS
OC
OCLV
ODENBERG
ODES
ODLS
ODLSMOBI
ODYS
ODYSS
ODYSY
OFX
OG CYCLE
OHV
OLDMOBILE
OLDS /
OLDSMBL
oldsmobile
OLDSMOBL
OLF
OLIV
OLKS
OLMO
OLSD
OMC
OMNIBUS
ONDA
ONEWHEEL
ONEX
ONR
ONSOMESH
ONYX
OPAL
OPEL
OPEN ROA
OPEN ROAD
OPENROAD
OPNRD
OPUS
ORBE
ORBEA
ORC-RITE
ORCHARD
OREA
OREBO
OREGO
OREGON
ORGANIC
ORIEN
ORIGIN
ORIN
ORIOL
ORION
ORKAN
OROAD
ORTH
OSH KOSH
OSHK
OSHKOSH
OSKKOSH
OSKOSH
OSUN
OTAWA
OTAX
OTBX
OTDM
OTHL
OTM
OTME
OTMO
OTPI
OTSB
OTTOWA
OUTFITTERS
OUTL
OUTLA
OUTPOST
OUTREACH
OVER
OVERLAND
OXBO
OY
OYMA
OYMA POWER
OZONE
P/U
P0NTIAC
P2550
PACA
PACAR
PACCAR
PACCYCLE
PACE
PACE /
PACE ARR
PACE ARROW
PACEA
PACI
PACIF
PACIFIC
PACIFIC COACH
PACK
PACKARD
PAG
PAIGO
PAKE
PALFINGE
PALOMAR
PANAMA
PANASONI
PANEL
PANOSONI
PANT
PANTERA
PANTH
PANTHER
PARH
PARKER
PARKPRE
PARLE
PARLEE
PAROWAN
PARRO
PARRW
PARSONSB
PATHFIND
PATRI
PAUG
PB
PBLT
PBM
PBT
PBTI
PEACE
PEDE
PEDEGO
PEERLESS
PEGASUS
PEIRC
PEIRCE
PEN
PENGEO
PENNEREL
PENNY
PENSKE
PEPERBIL
PER ELEC
PERB
PERERBIL
PERFORMA
PERFORME
PERL
PERTERBI
PERTERBL
PET
PETB
PETE BLT
PETE/
PETER TR
PETERBEL
PETERBILL
peterbilt
PETERE
PETERRBI
PETETR
PETI
PETRMNY
PETT
PETTIBON
PEUG
PEUGEOT
PEUGOT
PHAETON
PHANTOM
PHAT
PHAT-
PHAT BICYCLES
PHAT CYC
PHATCYCL
PHATMOTO
PHILLIPS
PHIXIE
PHOEN
PHOENIX
PHTHRUST
PHTON
PIA
PIAAG
PIAG
PIAGG
PIAGGIO
PIAGGIO GROUP AMERICA
PIAGGIO/
PIAGGO
PIAGI
PIAGIO
PICK-UP
PICK UP
PICKUP
PIER
PIERC
PIERCE
PIERCE MFG
PIKE
PILGRIM
PILOT
PINA
PINAC
PINARELL
PINARELO
PINER
PINN
PINNA
PINNAREL
PINNE
PINNICLE
PIONE
PIONEER
PIONR
PIRB
PIRC
PITSTER
PIVOT
PJ
PJ TRAIL
PJMFG
PJTRA
PJTRL
PK
PKEVOST
PKT BK
PLEA
PLEAS
PLEASURE
PLM
PLSRE WA
PLSUR
PLSWY
PLWAY
plymouth
PLYMTH
PLYN
PNTIAC
PNTRA
POCK BIK
POCKET
POCKET BIKE
POINT
POINT BE
POINTIAC
POL
POLA
POLAND
POLAR
POLARIS
POLARIS/
POLE
POLO
POLRS
POLS
POMONA
PON
POND
PONG
PONIAC
PONT /
PONT.
PONTA
PONTAI
pontiac
PONTIACT
PONTINA
POPULO
PORD
PORS /
porsche
PORSHC
PORSHCE
PORT
POSTAL
POSTAL VEHICLE
POTRB
POTTS
POWER  X
POWER RI
POWER SE
POWERFLY
POWERLIT
POWERSPT
POWERX
PPORSCHE
PR3B
PRACTICE
PRATT
PREAST
PRECI
PREDATOR
PREDECO
PREDITOR
PRELU
PRELUDE
PREMI
PREMIER
PREMIUM
PREO
PRESTIGE
PREV
PREV /
PREVO
PREVOS
PREVOSE
PREVOST
PRICS
PRIDE
PRIME
PRINCETO
PRIORITY
PRISI
PRO BAY
PRODECO
PRODEGO
PRODIGY
PROFLEX
PROGRESS
PROLINE
PROMASTE
PROMAX
PRONTO
PROSCHE
PROSCOOT
PROSTAR
PROTE
PROTERRA
PROVI
PROVOST
PROWL
PROWLER
PRRB
PRROW
PRSCHE
PRST
PRSUT
PRT
PRTA
PSX
PT. BRK.
PTBE
PTKT
PTOY
PTR B
PTR BLT
PTRA
PTRBS
PTRD
PTRE
PTRKT
PTRM
PTRN
PTRP
PTRPB
PTRR
PTRS
PTRT
PUBLIC
PUCH
PUCH (MOPED)
PUGEY
PUGOT
PULSE
PUMA
PURE
PURE CTY
PURE CYC
PURE FIX
PUREFIX
PURFIX
PURST
PUZEY
PVOS
PVOST
PWAY
PWCSC
PWR
PYLMOUTH
PYOSU
QIANJ
QINGOR
QIYE
QR
QUANT
QUANTUM
QUEST
QUICK
QUINN
QUINNCAT
QUINTANA
QVALE
R-VISION
R VISION
R.P.B.
RABA
RAD POW
RAD POWER BIKE
rad power bikes
RAD WAGON
RADAC
RADIOFLR
RADMINI
RADMISSI
RAGEN
RAGN
RAIL
RALE
RALEIGH
RALEISH
RALIEGH
RALL
RALLEY
RALLY
RALLYE
RALLYE JAMBOREE
RALYE
ram
RAM 1500
RAMA
RAMACHER
RAMB
RAMBLER
RAMBO
RAMBOUIL
RAMSAY
RANC
RAND
RANDONEE
RANG RO
RANGE R
RANGERVR
RANGRVR
RANROV
RANS
RAPIDO
RAPTOR
RAT
RAV 4
RAV4
RAVEN
RAVENS
RAWLEY
RAZER
RAZOR
RAZOR/
RC5AL
RCAL
RCKWD
RCT
RDCLP
RDLNE
RDMASTER
RDMSTER
RDMSTR
RDRNG
RDRNR
RDRUN
RDTRK
RDWRI
REACTIN
REACTION
REALM
REBOUND
REC
RECUMBAN
RED
RED LINE
RED PEDAL BIKE/ NOT VEHIC
REDLINE
REFER TO
REGAL
REGENCY
REGIS
REI
REINK
RELI
RELIA
RELIANT
RELTR
RENA
RENAULT
RENAVIT
RENE
RENEG
RENEGADE
REO
REPOWER
RETRO
RETRO-SP
RETROSP
RETROSPC
RETROSPE
RETROSPEC
RETROSPECS
REVAL
REVC
REVCON
REVLN
REVOL
REVOLUTI
REVOLUTION
REX
REX AIR
REXAIR
REXH
REXHA
REXHALL
REYNOLDS
RFZ
RGE ROVE
RGE RVR
RGM
RHINO
RICHEY
RICHLEY
RIDE OUT SUPPLY
RIDGELAND
RIDGELIN
RIDLEY
RIDON
RIGID ON
RIMABLE
RIP
RIPNDIP
RITCHEY
RITCHY
RITTE
RIVENDEL
RIVERA
RIVIERA
RJ BTM
RJWCT
RL
RLGGO
RLLIT
RLONG
RLRT
RLSRC
RM
RME
RMST
RNG ROV
RNGE RVR
RNGROVER
RNRV
ROAD
ROAD MAS
ROADBIKE
ROADL
ROADMAS
ROADMAST
ROADMASTER
ROADMSTE
ROADMSTR
ROADR
ROADRNR
ROADRUNN
ROADSTAR
ROADT
ROADTEC
ROADTECH
ROADTREK
ROAR
ROBIN
ROBINHOO
ROBINSON
ROCK
ROCK LOB
ROCKHOPP
ROCKHOPR
ROCKLOBS
ROCKP
ROCKPORT
ROCKRIDE
ROCKWOOD
ROCKY
ROCKY MO
ROCKY MT
ROCKYMNT
ROD
RODCL
RODSY
ROEN
ROG
ROGUE
ROKETA
ROL
ROLE
ROLL
ROLLS
ROLLS-ROYCE
ROLLS ROYCE
ROOTIERS
RORO
ROROY
ROSE
ROSE AIR
ROSEN
ROSENBAU
ROSENBAUER
ROSG
ROSS
ROSSETTI
ROSSIGNO
ROTAX
ROUBAIX
ROUBIX
ROUGH
ROVAL
ROVE
ROYA
ROYAL
ROYAL EN
ROYAL ENFIELD
ROYCE
RR
RR SPORT
RSD
RSD MOUNTAIN BICYCLE
RSDCY
RSNBR
RSX
RTG
RTROSPCT
RTS
RUBY
RUFKI
RURY
RUSS DEN
RUSSELL
RUTM
RV
RVISI
RVISION
RW
RX SUPER
RXHAL
RYDER
S-WORK
S-WORKS
S WORKS
"S&E 24"",L"""
S&M
SAA
saab
SAAB /
SAAB/
SAAV
SABA
SABB
SABROSA
SABU
SABZE
SACHI
SACHS (MOPED)
SAFA
SAFAR
SAFARI
SAFRI
SAGE
SAHARA
SALSA
SAME
SAMPO
SAMPSON
SAN MARI
SANCRU
SANDP
SANDPIP
SANDPIPR
SANDRAIL
SANG
SANTA
SANTA CR
SANTA CRUZ
SANTACRU
SANTAFE
SANTANA
SANY
SANYA
SANYANG MOTORCYCLE
SARTO
SASARE
SATR.
SATRURN
SATRUY
SATTURN
SATU/
saturn
SATURN`
SATURNT
SAULS
SAUNDERS
SAVA
SAXON
SAY-YA
SAZUKI
SBAR
SBC
SBEAR
SBEBC
SBS INC.
SC
SC ION
SCANI
SCATANTE
SCATT
SCATTAN
SCATTANT
SCATTANTE
SCEPTER
SCH
SCHINN
SCHIWINN
SCHIWNN
SCHMD
SCHMIDT
SCHWARZE
SCHWI
SCHWIIN
SCHWING
schwinn
SCHWINN=
SCHWN
SCI
SCIA
SCIION
SCIN
scion
SCION`
SCIONE
SCIONI
SCLZD
SCNS
SCO
SCON
SCOOTER
SCOOTT
SCORPION
SCOT
SCOTD
SCOTT
SCOTT R
SCOTTY
SCR
SCTION
SCU
SCUI
SCWHIN
SCWHN
SCWIN
SCWN
SD40-2
SD70M
SDC
SDCUS
SDG
SDUBARU
SE
SE BIKE
SE BIKES
SE LIGHT
SE RACE
SE RACIN
SE RACING
SEA
SEA BREEZE TRAILER
SEABR
SEABREEZ
SEABZ
SEAF
SEAGR
SEAGRAVE
SEAGRAVE FIRE APP
SEAMANS
SEARS
SEAT
SEAWIND
SEBRING
SEBRZ
SEBZE
SECTOR
SECTOR 9
SEDAN
SEDO
SEDONA
SEE MISC
SEEYA
SEGWAY
SEKAI
SELENE
SELLICA
SELMA
SELT
SEMI
SEMI-TRU
SEMI AND TRAILER
SEMI TRK
SEMI TRU
SEMI TRUCK
SENATOR
SENCA
SENN
SENTRA
SEQUENCE
SERACING
SERATTA
SEROTTA
SERR
SERRA
SERROTA
SETR
SETRA
SETTE
SEVEN
SGAC
SGHSK
SHADOW
SHAMANO
SHANG
SHARM
SHARYO /
SHAS
SHAST
SHASTA
SHAU
SHCKWAVE
SHELB
SHELBY
SHEN
SHENFENG
SHENK
SHENKE
SHIFTER
SHIMANA
SHIMANO
SHIMANU
SHOCLIN
SHORE
SHORELAN
SHORELIN
SHORLNDR
SHOW
SHOWHAUL
SHRELNDR
SHRIO
SHRLD
SHRLN
SHUAN WH
SHWN
SIANT
SICON
SIDEWIND
SIEMENS
SIERRA
SIGHT
SIKK TOY
SIL
SILQUE
SILV
SILVE
SILVER
SILVER EAGLE
SILVERLI
SIMBA
SIMCA
SIMON
SIMON DU
SIMPLON
SINISTER
SION
SIRIUS
SIRRUS
SIX3ZERO
SIXFIFTY
SIXIE
SK6
SKAMPER
SKATE
SKATEB
SKATEBOA
SKI-DOO
SKI DOO
SKID
SKIDO
SKIDOO
SKIDSTEE
SKU
SKULL
SKULL &
SKULLXBONES
SKY
SKY TRAK
SKYE
SKYKMISH
SKYKOMIS
SKYLI
SKYLINE
SKYTRAK
SL4
SLAYER
SLDBD
SLICE
SLMTW
SLOW FLO
SLR
SLR TECH
SLRLAND
SLRTC
SLRTECH
SMA
SMALLCAR
smart
SMART/
SMARTCAR
SMEAC
SMEAL
SMEAL/
SMEAR
SMITH
SMLRO
SMOOT
SMP
SMRT
SMT
SN
SNAKR
SNRIV
SNSKR
SNTA CRZ
SNVGR
SOCIAL
SOHOO
SOLAR
SOLAR TE
SOLAR TECH
SOLARTCH
SOLARTEC
SOLARTECH
SOLE
SOLER
SOLERA
SOLO
SOLOR
SOLRT
SOLRTECH
SOMA
SOMEC
SONDOR
SONDORS
SONDROS
SOONR
SOUR
SOUT
SOUTH
SOUTHSIDE
SOUTHWID
SOUTHWIN
SOUTHWIND
SOWI
SOWIN
SPALDING
SPAR
SPART
SPARTAN
SPARTS
SPAULDIN
SPC
SPCCH
SPCIALED
SPCIALIZ
SPCIALZD
SPCIZED
SPCL
SPCLIZD
SPCLIZED
SPCLTY
SPCLZ
SPCLZD
SPCLZED
SPCN
SPCN BTM
SPCN/
SPCNJ
SPCNS
SPCNS (SPL CONSTRUCTED VEH)
SPCO
SPCON
SPCUS
SPCZ
SPCZD
SPCZLD
SPE
SPEACIAL
SPEC
SPEC.
SPECAL
SPECALIZ
SPECELIZ
SPECI
SPECIA
SPECIAL
SPECIAL-
SPECIAL CONSTRUCTION
SPECIAL.
SPECIAL/
SPECIALE
SPECIALI
SPECIALIZED
SPECIALIZED MTN BIKE
SPECIALZ
SPECILIZ
SPECILZD
SPECIZED
SPECL
SPECLIZD
SPECLIZE
SPECLZ
SPECLZD
SPECLZED
SPECTRUM
SPECZD
SPEEDVAG
SPEEDWAY
SPEEDWAY IV
SPEEDX
SPELIZD
SPELIZED
SPEN
SPGDL
SPIDERMA
SPINFIT
SPIRIT
SPITF
SPLIZED
SPLNG
SPLZ
SPLZD
SPMBL
SPNC
SPNR
SPONS
SPOR
SPORT
SPORTS
SPORTS COACH
SPOT
SPPR
SPRA COU
SPRG
SPRI
SPRIN
SPRINGDA
SPRINT
SPRINTER
SPRITE
SPRT
SPRTN
SPRTR
SPTN
SPTRN
SPYDER
SPZD
SQUARE
SR
SR SAKAE
SRCHR
SRRDE
SRTUS
SSAB
SSE
SSR
SSR M.S
SSRM
SSRRA
STAG
STAKEBED
STAN
STAND
STANDARD
STAP
STAR
STAR CRA
STARC
STARCR
STARCRAF
STARCRAFT
STARCRFT
STARF
STARR
STATE
STATE BICYCLE
STAURN
STCFT
STCG
STCR
STE
STEALTH
STEELMAN
STEER
STEIGER
STEIY
STELLA
STER
STERL
sterling
STERLING TRUCK
STEVE RE
STEWART
STEYR
STGR
STINGRAY
STINNER
STIRLING
STLG
STLM
STOLEN
STONE
STORCK
STORK
STORM
STOU
STOUG
STOUGHTON
STR
STRAT
STRATUS
STRC
STRCF
STRCFT
STRCH
STRCR
STRCRFT
STRE
STRELING
STRFLHT
STRG
STRI
STRIC
STRICKLAND
STRIDA
STRLG
STRLR
STROMER
STRONG
STUD
STUDB
STUDE
STUDEBA
STUDEBAKER
STUE
STUMP
STUMPJMP
STV. REX
STWRT&ST
STWT&STV
STZ
SUA
SUAB
SUABAR
SUABRU
SUABURU
SUARU
SUBA/
SUBAB
SUBARO
subaru
SUBARU`
SUBARUA
SUBARUS
SUBROSA
SUBROSE
SUBS
SUIBARU
SUKI
SUKUKI
SULE
SULLAIR
SUM
SUMA
SUMMIT
SUN
SUN BIKE
SUN SEEK
SUNB
SUNBEAM
SUNBEAN
SUNDAY
SUNDAYS
SUNDEAL
SUNLAND
SUNN
SUNNY D
SUNOV
SUNR
SUNRA
SUNSE
SUNSEEK
SUNSEEKE
SUNSEEKER
SUNSET
SUNSETTE
SUNSK
SUNTOUR
SUNY
SUPER
SUPER 73
SUPER73
SUPER73 S1
SUPERIOR
SUPERMOT
SUPERSIX
SUPIO
SUPR
SUPRE
SUPREME
SUR
SUR RON
SURA
SURGE
SURLEY
SURLY
SURRON
SURVE
SUSKI
SUSZUKI
SUTPH
SUV/CROS
SUXI
SUZA
SUZIK
SUZU/
SUZUIK
suzuki
SUZUKI /
SW1500
SWAGTRON
SWCHINN
SWEET STOMPER
SWHIN
SWHLR
SWIFT
SWIN
SWIND
SWING
SWINGER
SWINN
SWORKS
SWPMSTR
SWS
SXTHRZER
SYCIP
SYM
SYM LANC
SYMC
SYMG
SYNCROS
SYXMOTO
T0Y0TA
T0YT
TACHYON
TADAN
TADANO
TAHITI
TAHONIA
TAIZHOU CHUANL
TAIZOU
TAIZU
TAKARA
TAKE
TAKEUCHI
TALERA
TALLERIC
TALLUS
TALON
TAMA
TAN
TANDEM
TANK
TAO
TAO INDUSTRY
TAO TAO
TAO TOA
TAOI
TAOT
TAOTO
TARGET
TARMAC
TARMAK
TARPON
TATAO
TAURUS
TAWAN
TAYLOR
TAYLOR D
TAYOTA
TCR
TCRFT
TEAL
TEAMGEE
TEARDROP
TECHNICA
TECHNIUM
TECUMSEH
TELS
TELSA
TEMPEST
TEMS
TEMSA
TERBERG
TERE
TEREX
TERN
TERRA
TERRY
TESA
TESAL
TESCHNER
tesla
TESLA X
TESLM
TESMR
TESTRON
TETRA
TEXAS
TEXTRON
TEYIN
TF
THEU
THEURER
THIOMAS
THMAS
THMBL
THMC
THMS
THMSB
THO
THOB
THOC
THOM,
thomas
THOMAS BUILT
THOMAS V
THOMAS/
THOMB
THOMP
THOMPSON
THOMPSON BROTHERS
THOMS
THOR
THOR IND
THOR MOT
THOR MOTOR COACH
THORNE
THORTON
THRALL
THRASHER
THRC
THRONE
THRUST
THRUSTER
THRUXTON
THSON
THU
THUMPER
THUNDRBR
TI
TIAN
TIANTIN
TICO
TIFF
TIFFEN
TIFFI
TIFFIN
TIFIN
TIMBER
TIMBERLI
TIME
TIOA
TIOG
TIOGA
TIROW
TITA
TITAN
TITANIUM
TITUS
TIY
TK
TLRTE
TMC
TMC/FORD
TMSR
TNTL
TNY HAWK
TO YOTA
TOHT
TOIYT
TOKYO
TOLYOTA
TOMAS
TOMBE
TOMIMASO
TOMMASO
TOMO
TOMOS
TONIC
TONY HAW
TONY HWK
TONYHAWK
TOOTA
TOPANGA
TOPY
TOPYOTA
TOR
TORELLI
TORKER
TORO
TORO CO
TOROTA
TORRO
TOTYO
TOU
TOUOTA
TOURANO
TOUT
TOW
TOW TRUC
TOWDO
TOWNIE
TOWNIE 3
TOWTE
TOWY
TOY OTA
TOY SCIO
TOY.
TOY`
TOY9O
TOYD
TOYH
TOYIOTA
TOYJ
TOYL
TOYN
TOYO SCI
TOYO.
TOYO0
TOYOATA
TOYOCAR VAN
TOYODA
TOYOPET
TOYOQ
TOYOR
TOYOT A
toyota
TOYOTA /
TOYOTA P
TOYOTAD
TOYOTAQ
TOYOTATO
TOYOTTA
TOYOTY
TOYP
TOYPT
TOYRTA
TOYT/NIS
TOYT/SC
TOYT`
TOYTC
TOYTOYA
TOYTR
TOYTYA
TOYU
TOYUTA
TOYYO
TPT CYCL
TPY
TPYO
TPYOTA
TPYPTA
TPYT
TR
TRABANT
TRAC
TRACK
TRACKER
TRACKLES
TRACR
TRACTER
TRACTOR
TRAD
TRADE
TRADEWIN
TRAF
TRAG
TRAIL
TRAILBAY
TRAILBLZ
TRAILER
TRAILKNG
TRAILMAS
TRAILMAX
TRAILRIT
TRAIN
TRAK
TRAN
TRANS
TRANS TE
TRANSIT
TRANSITI
TRANSONI
TRANSTEC
TRAV
TRAVE
TRAVELIT
TRAVERSE
TRAVS
TRAX
TRAYL
TRB
TRCC
TRCT
TRCTOR
TRCTR
TRDWD
TREADS
trek
TREK-
TREK /
TREK 700
TREK 800
TREK 820
TREK MAD
TREK, INC.
TREK/
TREKK
TREL
TREX
TRI
TRIATHAL
TRIAX
TRICROSS
TRICYCLE
TRIE
TRIESTIN
TRILER
TRIM
TRIN
TRINC
TRINITY
TRIOFONO
TRIP
TRIPL
TRIPLE E
TRIPPEN
TRIPSTER
TRISTAR
TRITN
TRITO
TRIU MPH
TRIUMM
triumph
TRIUMPH MC
TRIUMPH/
TRIUP
TRK TRAC
TRK TRTR
TRKG
TRKLG
TRKNG
TRLBLSTR
TRLK
TRLKG
TRLMO
TRLMSTR
TRLMX
TRLR
TRLRT
TRLS BTM
TRLST
TRLT
TRLWEST
TRNST
TRNTC
TRNW
TROPC
TROPI
TROPICAL
TRPCL
TRTL
TRTTE
TRU
TRU-STRE
TRU-TRAILER
TRUCK
TRUCK TR
TRUMPH
TRUSTER
TRVLS
TRVLT
TRVOY
TRVSP
TRWLD
TSLM
TSLR
TSMER
TSMR (TESLA)
TSMS
TST
TSU
TSUNAMI
TT/TRI
TTECH
TUFBY
TUFFBY
TUFFY
TUOGA
TURNER
TURTL
TUSCANY
TXBRG
TYMC
TYMCO
TYO
TYOY
TYPE 1
TYT
TYTO
TZCY
U-HAUL
U D
U.D.
UCBC
UCI
UD
UD HINO
UD2600
UDMT
UDMTR
UDTR
UDXX
UHAU
UHAUL
UKC
ULTEGRA
ULTI
ULTIMAT
ULTRA
ULTRACYC
UN EXPRE
UNDEX
UNIKNOWN
UNIMG
UNIMT
UNION
UNISON
UNIT
UNIV
UNIVE
UNIVEGA
UNK BIKE
UNK/SEMI
UNK`
UNKINOWN
UNKKNOWN
UNKN0WN
UNKNNOWN
UNKNO
UNKNOWN 20002
UNKNOWN BICYCLE
UNKNOWN STEP-THRU
UNKNOWN TRAILER
UNKNOWN`
UNKNW
UNKONOWN
UNKS
UNMARKED
UNNK/
UNNKOWN
UNVEGA
UP
UP8872
UPLAND
UPRIGHT
UPTOWN
URAL
URB-E
URBAN
URBAN X
US
US INDUSTRIES
USA
USBUS
USCOOTER
USPS
USTRA
UTIL
UTILI
UTILITY
UTILITY TRAILER
UTILM
UTILMAS
UTILMAST
UTL
UTLRA
VA
VAB
VACA
VACAT
VACON
VACTR
VAHN
VAHNO
VAITHON
VALKYRIE
VAN
VAN BTM
VAN HOOL
VAN NICH
VAN.
VANC
VANCO
VANDERHA
VANG
VANH
VANHL
VANHO
VANHOL
VANHOLL
VANHOO
VANHOOL
VANHOOT
VANNO
VANOL
VANPO
VANPOOL
VANSA
VANSN
VANTA
VANTAGE
VANTARE
VANTG
VAUX
VAUXHALL
VBS
VC SECTION 20002(A)
VCTX
VCTY
VECTOR
VEEGO
VEHICLE
VELCO
VELOC
VELOCITY
VELOMOBI
VELOVIE
VENICE
VENTO
VENTU
VENTURA
VENUS
VER
VER-MAC
VERA
VERM
VERMA
VERMAC
VERMC
VERMEER
VERSATIL
VERSPA
VERTICAL
VERTICLE
VERTIGO
VERTUE
VES
vespa
VESPA/
VETRO
VEX
VFR
VGAR
VGARD
VIAGGIO
VIANG
VIATHON
VICT
VICTO
VICTORIE
VICTORY
VICTR
VICTY
VID
VIEW
VIKING
VILANO
VILLANO
VILLOTT
VILLY
VINTAGE
VIPER
VIRTUE
VIRTUOSO
VISIO
VISION
VISON
VISTA
VITA
VITACCI
VITCI
VITESSE
VITRY
VITUS
VIVID
VK
VLK
VLKS
VLKSW
VLKSWGN
VLO
VLOKS
VLV
VLVO
VM
VMA
VMPRO
VMUFF
VN
VNH
VNHL
VNHO
VNHOL
VNOHL
VOGU
VOGUE
VOIK
VOKLS
VOKSWAGE
VOL
VOL VO
VOLAE
VOLAGI
VOLAK
VOLD
VOLE
VOLK.
VOLKA
VOLKAS
VOLKDS
VOLKLS
VOLKS WG
VOLKSA
VOLKSGA
volkswagen
VOLKSWGE
VOLKWAGO
VOLKWSA
VOLKZ
VOLL
VOLLSWGN
VOLS/
VOLSKWAG
VOLSWAGN
VOLSWGEN
VOLT
VOLUME
VOLV 3X
VOLV/
VOLVI
volvo
VOLVO GM
VOLVO X
VOLVOL
VORTEC
VORTEX
VOVLV
VOYT
VPG
VRA
VUELTA
VULCAN
VW BUG
VW JETTA
W. STAR
W.STAR
WAB
WABA
WABAS
WABASH
WABSA
WACKER
WACKS
WAHC9
WAHOO
WALDON
WALKER
WAN
WANC
WANCO
WANCO IN
WANKO
WAP
WARD
WARR
WARRI
WARRIOR
WAS
WATERFOR
WATERFORD
WATRFRD
WAU SAU
WAUSAU
WAVE
WAYN
WAYNE
WBBV
WE THE PEOPLE
WEATHER MASTER
WEBEE
WEBER
WECO
WEEK
WEEKEND
WEILER
WEISS
WEISSMCN
WELDCRAF
WELDCRFT
WELL
WELLS
WELLS CARGO
WELTMEIS
WEMERN
WERTM
WESC
WESCO
WEST
WEST STA
WEST STR
WESTAR
WESTE
WESTER
WESTERN
WESTERN STAR
WESTERN TRUCKS
WESTERNS
WESTERST
WESTGATE
WESTMARK
WESTR
WESTRN
WESTRUX
WESTS
WESTSR
WESTSTA
WESTSTAR
WESTSTR
WETHEPEO
WFL
WFTKKT
WFTLN
WHEELCHR
WHEELER
WHEELS
WHEELS ES
WHGM
WHGMC
WHIB
WHIG
WHIGMC
WHIPL
WHIT
white
WHITEG
WHIV
WHIZZER
WHRSE
WHT
WHT GMC
WHT/GM
WIEIER
WIESS
WIGGI
WILDCRAF
WILDFIRE
WILDW
WILDWOOD
WILEY
WILIER
WILIER TRIESTINA
WILLIAMS
WILLIER
WILLIES
WILLY
WILLYS
WILSN
WILSO
WILSON
WILX
WIN
WINB
WINCO
WIND
WINDJ
WINDLESS
WINDS
WINDSOR
WINNABEGO
winnebago
WINNEBAGO INDS
WINNEBEGO
WINNEG
WINNER
WINSOR
WIRTGEN
WITTK
WKH
WKHORSE
WKHR
WKHRS
WKHS
WLCAT
WLCRG
WLDIT
WLDWD
WMA
WMARK
WNESS
WNGBO
WNJMR
WNSP
WNSS
WOHRS
WOK
WOLF
WOLKSWAG
WOOD
WOR
WORHS
WORK
WORK ARE
WORK HORSE
WORK HORSE MFG
WORK HRS
WORK PRO
WORKF
WORKFORC
WORKH
WORKHORS
WORKHORSE
WORKHORSE CUSTOM
WORKHRS
WORKMAN
WORKMANS
WORKMAST
WORKS
WORKSMAN
WRAP
WRIOR
WRK
WRKCC
WRKH
WRKHORSE
WRKHR
WRKHRS
WRKHRSE
WRKHS
WRKRR
WSRT STA
WST
WST STAR
WSTDP
WSTN
WSTN STR
WSTNS
WSTR
WSTRG
WSTRN
WSTRN ST
WSTRNSTR
WSTRV
WSTS
WSTST
WSTSTR
WTB
WTNID
WTSR
WVT3
WWTLR
X
X-TREME
X GAMES
XDS
XELIT
XENITH
XF
XIAOMI
XINGYUE
XMOTO
XPEDITOR
XPLOR
XR 250
XSCOOTER
XSPEC
XT
XTERM
XTREME
XX
XXX
XXXX
XY
Y2
YAAM
YACHT
YAHAHA
YAHAM
YAHMAHA
YAHMANA
YAMA R6
YAMA/
yamaha
YAMAHA/
YAMAMHA
YAMNA
YAN
YANAHA
YARD TRAILER
YCLUB
YELLOW
YELLOWST
YERF-DOG
YERF DOG
YETI
YMA
YMCL
YMSKI
YONG SU
YONGF
YOTO
YOTOTA
YOTY
YOYO
YOYOA
YOYOTA
YOYT
YTOYOTA
YUGO
YUKO
YUKON
YUNEEC
"Z"""""
ZAP
ZASTAVA
ZEBRA
ZEDA
ZEIMA
ZEIMAN
ZEMAN
ZENN
ZEPHYR
ZERO
ZERTZ
ZETER
ZF
ZGL
ZHANG
ZHEJ
ZHEJI
ZHEJIANG
ZHEN
ZHESI
ZHNG
ZHNGN
ZHON
ZHONG
ZHONGSHE
ZIEM
ZIEMA
ZIEMAAN
ZIEMAN
ZIEMN
ZILLA
ZNEN
ZNGTU
ZNITH
ZNMG
ZONE E
ZONG
ZONGN
ZONGS
ZONGSHEN
ZOOM
ZOOMA
ZOOMO
ZSHEN
ZURICH
ZYCLE
ZYCLE FIX
ZYP CA
ZYZLE

complaint of pain
killed
no injury
other visible injury
possible injury
severe injury
suspected minor injury
suspected serious injury
Fully Ejected
Not Ejected
Partially Ejected
Unknown
bicyclist
driver
non-injured party
other
passenger
pedestrian

,
"0"
"1"
"2"
"3"
"4"
"5"
air bag deployed
air bag not deployed
child restraint in vehicle not used
child restraint in vehicle used
child restraint in vehicle, improper use
child restraint in vehicle, use unknown
driver, motorcycle helmet not used
driver, motorcycle helmet used
lap belt not used
lap belt used
lap/shoulder harness not used
lap/shoulder harness used
no child restraint in vehicle
none in vehicle
not required
O
other
passenger, motorcycle helmet not used
passenger, motorcycle helmet used
passive restraint not used
passive restraint used
shoulder harness not used
shoulder harness used
unknown
Z

A
B
C
driver
other occupants
passenger seat 2
passenger seat 3
passenger seat 4
passenger seat 5
passenger seat 6
position unknown
rear occupant of truck or van
station wagon rear

"1"
"2"
"3"
"4"
"5"
B
female
G
H
male
N
U
W
X

